n,size,time
4,100,0.079496
4,500,1.615371
4,1000,10.064929
4,2000,43.903747
4,3000,97.560436
