n,size,time
9,100,0.092675
9,500,1.884882
9,1000,9.202396
9,2000,42.325155
9,3000,93.295607
