n,size,time
1,100,0.121373
1,500,3.968710
1,1000,28.347863
1,2000,120.423372
1,3000,278.552103
